,Cooperator,Defector,Tit For Tat
Cooperator,"[3.0, 3.0, 3.0, 3.0, 3.0, 3.0, 3.0, 3.0, 3.0, 3.0, 3.0, 3.0, 3.0, 3.0, 3.0, 3.0, 3.0, 3.0, 3.0, 3.0]","[0.0, 0.0, 0.0, 0.0, 0.0, 0.0, 0.0, 0.0, 0.0, 0.0]","[3.0, 3.0, 3.0, 3.0, 3.0, 3.0, 3.0, 3.0, 3.0, 3.0]"
Defector,"[5.0, 5.0, 5.0, 5.0, 5.0, 5.0, 5.0, 5.0, 5.0, 5.0]","[1.0, 1.0, 1.0, 1.0, 1.0, 1.0, 1.0, 1.0, 1.0, 1.0, 1.0, 1.0, 1.0, 1.0, 1.0, 1.0, 1.0, 1.0, 1.0, 1.0]","[1.0851063829787233, 1.0740740740740742, 1.0701754385964912, 1.0689655172413792, 1.0851063829787233, 1.0930232558139534, 1.0784313725490196, 1.0816326530612246, 1.0689655172413792, 1.0784313725490196]"
Tit For Tat,"[3.0, 3.0, 3.0, 3.0, 3.0, 3.0, 3.0, 3.0, 3.0, 3.0]","[0.9787234042553192, 0.9814814814814816, 0.9824561403508772, 0.9827586206896552, 0.9787234042553192, 0.9767441860465116, 0.9803921568627452, 0.979591836734694, 0.9827586206896552, 0.9803921568627452]","[3.0, 3.0, 3.0, 3.0, 3.0, 3.0, 3.0, 3.0, 3.0, 3.0, 3.0, 3.0, 3.0, 3.0, 3.0, 3.0, 3.0, 3.0, 3.0, 3.0]"
