,Cooperator,Defector,Tit For Tat
Cooperator,"[3.0, 3.0, 3.0, 3.0, 3.0, 3.0, 3.0, 3.0, 3.0, 3.0, 3.0, 3.0, 3.0, 3.0, 3.0, 3.0, 3.0, 3.0, 3.0, 3.0]","[0.0, 0.0, 0.0, 0.0, 0.0, 0.0, 0.0, 0.0, 0.0, 0.0]","[3.0, 3.0, 3.0, 3.0, 3.0, 3.0, 3.0, 3.0, 3.0, 3.0]"
Defector,"[5.0, 5.0, 5.0, 5.0, 5.0, 5.0, 5.0, 5.0, 5.0, 5.0]","[1.0, 1.0, 1.0, 1.0, 1.0, 1.0, 1.0, 1.0, 1.0, 1.0, 1.0, 1.0, 1.0, 1.0, 1.0, 1.0, 1.0, 1.0, 1.0, 1.0]","[1.0975609756097562, 1.0701754385964912, 1.0754716981132075, 1.0714285714285714, 1.0952380952380951, 1.0754716981132075, 1.0740740740740742, 1.0784313725490196, 1.0930232558139534, 1.0754716981132075]"
Tit For Tat,"[3.0, 3.0, 3.0, 3.0, 3.0, 3.0, 3.0, 3.0, 3.0, 3.0]","[0.975609756097561, 0.9824561403508772, 0.981132075471698, 0.9821428571428572, 0.9761904761904762, 0.981132075471698, 0.9814814814814816, 0.9803921568627452, 0.9767441860465116, 0.981132075471698]","[3.0, 3.0, 3.0, 3.0, 3.0, 3.0, 3.0, 3.0, 3.0, 3.0, 3.0, 3.0, 3.0, 3.0, 3.0, 3.0, 3.0, 3.0, 3.0, 3.0]"
