,Cooperator,Defector,Tit For Tat
Cooperator,"[3.0, 3.0, 3.0, 3.0, 3.0, 3.0, 3.0, 3.0, 3.0, 3.0]","[0.0, 0.0, 0.0, 0.0, 0.0, 0.0, 0.0, 0.0, 0.0, 0.0]","[3.0, 3.0, 3.0, 3.0, 3.0, 3.0, 3.0, 3.0, 3.0, 3.0]"
Defector,"[5.0, 5.0, 5.0, 5.0, 5.0, 5.0, 5.0, 5.0, 5.0, 5.0]","[1.0, 1.0, 1.0, 1.0, 1.0, 1.0, 1.0, 1.0, 1.0, 1.0]","[1.0701754385964912, 1.0930232558139534, 1.0666666666666669, 1.0727272727272728, 1.0754716981132075, 1.0701754385964912, 1.0975609756097562, 1.0666666666666669, 1.0666666666666669, 1.1]"
Tit For Tat,"[3.0, 3.0, 3.0, 3.0, 3.0, 3.0, 3.0, 3.0, 3.0, 3.0]","[0.9824561403508772, 0.9767441860465116, 0.9833333333333332, 0.9818181818181818, 0.981132075471698, 0.9824561403508772, 0.975609756097561, 0.9833333333333332, 0.9833333333333332, 0.975]","[3.0, 3.0, 3.0, 3.0, 3.0, 3.0, 3.0, 3.0, 3.0, 3.0]"
